Workbook

Sheet 0. Data Sumber
B2: Database Histori Karyawan
B3: Disimulasikan dari HRIS menuju matriks SAW.
B5: No. | C5: Employee ID | D5: Employee Name | E5: Employee Email | F5: Sum(Leave Period) | G5: Total Pengajuan | H5: Approved | I5: Pending (Raw) | J5: (Approved/Total)% | K5: Cuti Dasar | L5: Sisa Lalu | M5: Total Diambil | N5: Sisa Akhir Cuti | O5: Hire Date | P5: Masa Kerja (Hari)
B6: 1 | C6: HH3183 | D6: Rian Mulyadi | E6: rian.mulyadi@kpc.co.id | F6: 7 | G6: 8 | H6: 6 | I6: 1 | J6: =H6/G6 -> 0.75 | K6: 12 | L6: 5 | M6: 7 | N6: =(K6+L6)-M6 -> 10 | O6: 44412 | P6: =TODAY()-O6 -> 1779
B7: 2 | C7: VW9824 | D7: Sari Handayani | E7: sari.handayani@kpc.co.id | F7: 13 | G7: 3 | H7: 0 | I7: 3 | J7: =H7/G7 -> 0 | K7: 12 | L7: 4 | M7: 13 | N7: =(K7+L7)-M7 -> 3 | O7: 42970 | P7: =TODAY()-O7 -> 3221
B8: 3 | C8: SG7127 | D8: Joko Susanto | E8: joko.susanto@kpc.co.id | F8: 2 | G8: 9 | H8: 7 | I8: 2 | J8: =H8/G8 -> 0.77777778 | K8: 12 | L8: 4 | M8: 2 | N8: =(K8+L8)-M8 -> 14 | O8: 42633 | P8: =TODAY()-O8 -> 3558
B9: 4 | C9: VF6551 | D9: Budi Santoso | E9: budi.santoso@kpc.co.id | F9: 14 | G9: 8 | H9: 6 | I9: 2 | J9: =H9/G9 -> 0.75 | K9: 12 | L9: 2 | M9: 14 | N9: =(K9+L9)-M9 -> 0 | O9: 43254 | P9: =TODAY()-O9 -> 2937
B10: 5 | C10: MB5413 | D10: Nina Marlina | E10: nina.marlina@kpc.co.id | F10: 2 | G10: 10 | H10: 9 | I10: 1 | J10: =H10/G10 -> 0.9 | K10: 12 | L10: 4 | M10: 2 | N10: =(K10+L10)-M10 -> 14 | O10: 43849 | P10: =TODAY()-O10 -> 2342
B11: 6 | C11: RC8570 | D11: Ahmad Fauzi | E11: ahmad.fauzi@kpc.co.id | F11: 9 | G11: 4 | H11: 0 | I11: 1 | J11: =H11/G11 -> 0 | K11: 12 | L11: 2 | M11: 9 | N11: =(K11+L11)-M11 -> 5 | O11: 43660 | P11: =TODAY()-O11 -> 2531
B12: 7 | C12: LE4536 | D12: Rini Wulandari | E12: rini.wulandari@kpc.co.id | F12: 9 | G12: 5 | H12: 0 | I12: 1 | J12: =H12/G12 -> 0 | K12: 12 | L12: 4 | M12: 9 | N12: =(K12+L12)-M12 -> 7 | O12: 44934 | P12: =TODAY()-O12 -> 1257
B13: 8 | C13: QV3883 | D13: Eko Prasetyo | E13: eko.prasetyo@kpc.co.id | F13: 15 | G13: 4 | H13: 0 | I13: 1 | J13: =H13/G13 -> 0 | K13: 12 | L13: 5 | M13: 15 | N13: =(K13+L13)-M13 -> 2 | O13: 44417 | P13: =TODAY()-O13 -> 1774
B14: 9 | C14: VN2329 | D14: Dwi Wahyuni | E14: dwi.wahyuni@kpc.co.id | F14: 1 | G14: 3 | H14: 2 | I14: 1 | J14: =H14/G14 -> 0.66666667 | K14: 12 | L14: 2 | M14: 1 | N14: =(K14+L14)-M14 -> 13 | O14: 43204 | P14: =TODAY()-O14 -> 2987
B15: 10 | C15: TA7243 | D15: Tri Novianto | E15: tri.novianto@kpc.co.id | F15: 14 | G15: 8 | H15: 7 | I15: 1 | J15: =H15/G15 -> 0.875 | K15: 12 | L15: 2 | M15: 14 | N15: =(K15+L15)-M15 -> 0 | O15: 43876 | P15: =TODAY()-O15 -> 2315
B16: 11 | C16: ZB4464 | D16: Indra Gunawan | E16: indra.gunawan@kpc.co.id | F16: 6 | G16: 5 | H16: 0 | I16: 1 | J16: =H16/G16 -> 0 | K16: 12 | L16: 4 | M16: 6 | N16: =(K16+L16)-M16 -> 10 | O16: 44322 | P16: =TODAY()-O16 -> 1869
B17: 12 | C17: LW8801 | D17: Maya Fitriani | E17: maya.fitriani@kpc.co.id | F17: 8 | G17: 6 | H17: 1 | I17: 1 | J17: =H17/G17 -> 0.16666667 | K17: 12 | L17: 4 | M17: 8 | N17: =(K17+L17)-M17 -> 8 | O17: 44627 | P17: =TODAY()-O17 -> 1564
... B25: 20 | C25: JO2312 | D25: Mega Lestari | E25: mega.lestari@kpc.co.id | F25: 2 | G25: 7 | H25: 5 | I25: 2 | J25: =H25/G25 -> 0.71428571 | K25: 12 | L25: 2 | M25: 2 | N25: =(K25+L25)-M25 -> 12 | O25: 43573 | P25: =TODAY()-O25 -> 2618

Sheet 1. Bobot Kriteria
B2: Kriteria & Bobot SAW
B3: Tabel master definisi Decision Matrix berserta Atribut Benefit/Cost.
B5: Kode | C5: Kriteria | D5: Atribut (Sifat) | E5: Bobot (%) | F5: Bobot (Desimal) | G5: Keterangan & Alasan Analisis | I5: RUMUS PENENTUAN ATRIBUT (COST/BENEFIT)
B6: C1 | C6: Total Hari Cuti | D6: Cost | E6: 0.3 | F6: 0.3 | G6: Cost: Semakin banyak total hari cuti yang sudah pernah diambil, semakin KECIL prioritasnya direkomendasikan. Mereka dianggap sudah sering absen dibanding yang belum cuti. | I6: BENEFIT (Keuntungan) | J6: Semakin besar nilai kriteria, semakin baik prioritasnya.
B7: C2 | C7: Total Pengajuan | D7: Cost | E7: 0.2 | F7: 0.2 | G7: Cost: Semakin menumpuk total pengajuannya, semakin KECIL prioritasnya agar tidak menambah beban persetujuan baru. | I7: COST (Beban / Volume Pengajuan) | J7: Semakin kecil total pengajuan, semakin rendah beban prioritasnya.
B8: C3 | C8: Approval Rate | D8: Benefit | E8: 0.2 | F8: 0.2 | G8: Benefit: Semakin persentase cutinya sering disetujui (track record baik), makin BESAR kelayakannya direkomendasikan karena kredibilitas permohonannya tinggi.
B9: C4 | C9: Sisa Akhir Cuti | D9: Benefit | E9: 0.15 | F9: 0.15 | G9: Benefit: Semakin banyak sisa cuti yang belum dipakai, makin LAYAK diprioritaskan agar hak cutinya tidak hangus & menjaga work-life balance.
B10: C5 | C10: Masa Kerja (Hari) | D10: Benefit | E10: 0.15 | F10: 0.15 | G10: Benefit: Semakin lama mengabdi/masa kerjanya tinggi, makin BESAR hak istimewa (privilege) dan prioritas untuk di-approve liburnya sebagai bentuk apresiasi.
B13: Tabel Skala Kualitatif (Konversi Bilangan Crisp)
B14: Sesuai dengan standar akademik untuk pengkategorian interval data non-crisp/mentah menjadi skala 1-5.
B16: Skor (1-5) | C16: Label Intensitas | D16: C1 (Total Cuti) | E16: C2 (Total Pengajuan) | F16: C3 (Approval Rate) | G16: C4 (Sisa Jatah) | H16: C5 (Masa Kerja)
B17: 1 | C17: Sangat Rendah | D17: 0 - 3 Hari | E17: 0 - 2 Pengajuan | F17: < 25% | G17: 0 - 2 Hari | H17: < 1 Tahun
B18: 2 | C18: Rendah | D18: 4 - 6 Hari | E18: 3 - 4 Pengajuan | F18: 26% - 50% | G18: 3 - 5 Hari | H18: 1 - 3 Tahun
B19: 3 | C19: Sedang | D19: 7 - 9 Hari | E19: 5 - 6 Pengajuan | F19: 51% - 75% | G19: 6 - 8 Hari | H19: 4 - 5 Tahun
B20: 4 | C20: Tinggi | D20: 10 - 12 Hari | E20: 7 - 8 Pengajuan | F20: 76% - 90% | G20: 9 - 11 Hari | H20: 6 - 10 Tahun
B21: 5 | C21: Sangat Tinggi | D21: > 12 Hari | E21: > 8 Pengajuan | F21: > 90% | G21: > 11 Hari | H21: > 10 Tahun

Sheet 2. Data Mentah
B2: Data Mentah (Decision Matrix)
B3: Nilai mentah karyawan yang telah ditarik dan disiapkan untuk dicari Nilai Min/Max nya.
B5: No. | C5: Employee ID | D5: C1 (Hari Diambil) | E5: C2 (Total Pengajuan) | F5: C3 (Approval %) | G5: C4 (Sisa Jatah) | H5: C5 (Masa Kerja)
B6: ='0. Data Sumber'!B6 -> 1 | C6: ='0. Data Sumber'!C6 -> HH3183 | D6: ='0. Data Sumber'!F6 -> 7 | E6: ='0. Data Sumber'!G6 -> 8 | F6: ='0. Data Sumber'!J6 -> 0.75 | G6: ='0. Data Sumber'!N6 -> 10 | H6: ='0. Data Sumber'!P6 -> 1779
B7: ='0. Data Sumber'!B7 -> 2 | C7: ='0. Data Sumber'!C7 -> VW9824 | D7: ='0. Data Sumber'!F7 -> 13 | E7: ='0. Data Sumber'!G7 -> 3 | F7: ='0. Data Sumber'!J7 -> 0 | G7: ='0. Data Sumber'!N7 -> 3 | H7: ='0. Data Sumber'!P7 -> 3221
B8: ='0. Data Sumber'!B8 -> 3 | C8: ='0. Data Sumber'!C8 -> SG7127 | D8: ='0. Data Sumber'!F8 -> 2 | E8: ='0. Data Sumber'!G8 -> 9 | F8: ='0. Data Sumber'!J8 -> 0.77777778 | G8: ='0. Data Sumber'!N8 -> 14 | H8: ='0. Data Sumber'!P8 -> 3558
B9: ='0. Data Sumber'!B9 -> 4 | C9: ='0. Data Sumber'!C9 -> VF6551 | D9: ='0. Data Sumber'!F9 -> 14 | E9: ='0. Data Sumber'!G9 -> 8 | F9: ='0. Data Sumber'!J9 -> 0.75 | G9: ='0. Data Sumber'!N9 -> 0 | H9: ='0. Data Sumber'!P9 -> 2937
B10: ='0. Data Sumber'!B10 -> 5 | C10: ='0. Data Sumber'!C10 -> MB5413 | D10: ='0. Data Sumber'!F10 -> 2 | E10: ='0. Data Sumber'!G10 -> 10 | F10: ='0. Data Sumber'!J10 -> 0.9 | G10: ='0. Data Sumber'!N10 -> 14 | H10: ='0. Data Sumber'!P10 -> 2342
B11: ='0. Data Sumber'!B11 -> 6 | C11: ='0. Data Sumber'!C11 -> RC8570 | D11: ='0. Data Sumber'!F11 -> 9 | E11: ='0. Data Sumber'!G11 -> 4 | F11: ='0. Data Sumber'!J11 -> 0 | G11: ='0. Data Sumber'!N11 -> 5 | H11: ='0. Data Sumber'!P11 -> 2531
B12: ='0. Data Sumber'!B12 -> 7 | C12: ='0. Data Sumber'!C12 -> LE4536 | D12: ='0. Data Sumber'!F12 -> 9 | E12: ='0. Data Sumber'!G12 -> 5 | F12: ='0. Data Sumber'!J12 -> 0 | G12: ='0. Data Sumber'!N12 -> 7 | H12: ='0. Data Sumber'!P12 -> 1257
B13: ='0. Data Sumber'!B13 -> 8 | C13: ='0. Data Sumber'!C13 -> QV3883 | D13: ='0. Data Sumber'!F13 -> 15 | E13: ='0. Data Sumber'!G13 -> 4 | F13: ='0. Data Sumber'!J13 -> 0 | G13: ='0. Data Sumber'!N13 -> 2 | H13: ='0. Data Sumber'!P13 -> 1774
B14: ='0. Data Sumber'!B14 -> 9 | C14: ='0. Data Sumber'!C14 -> VN2329 | D14: ='0. Data Sumber'!F14 -> 1 | E14: ='0. Data Sumber'!G14 -> 3 | F14: ='0. Data Sumber'!J14 -> 0.66666667 | G14: ='0. Data Sumber'!N14 -> 13 | H14: ='0. Data Sumber'!P14 -> 2987
B15: ='0. Data Sumber'!B15 -> 10 | C15: ='0. Data Sumber'!C15 -> TA7243 | D15: ='0. Data Sumber'!F15 -> 14 | E15: ='0. Data Sumber'!G15 -> 8 | F15: ='0. Data Sumber'!J15 -> 0.875 | G15: ='0. Data Sumber'!N15 -> 0 | H15: ='0. Data Sumber'!P15 -> 2315
B16: ='0. Data Sumber'!B16 -> 11 | C16: ='0. Data Sumber'!C16 -> ZB4464 | D16: ='0. Data Sumber'!F16 -> 6 | E16: ='0. Data Sumber'!G16 -> 5 | F16: ='0. Data Sumber'!J16 -> 0 | G16: ='0. Data Sumber'!N16 -> 10 | H16: ='0. Data Sumber'!P16 -> 1869
B17: ='0. Data Sumber'!B17 -> 12 | C17: ='0. Data Sumber'!C17 -> LW8801 | D17: ='0. Data Sumber'!F17 -> 8 | E17: ='0. Data Sumber'!G17 -> 6 | F17: ='0. Data Sumber'!J17 -> 0.16666667 | G17: ='0. Data Sumber'!N17 -> 8 | H17: ='0. Data Sumber'!P17 -> 1564
... B25: ='0. Data Sumber'!B25 -> 20 | C25: ='0. Data Sumber'!C25 -> JO2312 | D25: ='0. Data Sumber'!F25 -> 2 | E25: ='0. Data Sumber'!G25 -> 7 | F25: ='0. Data Sumber'!J25 -> 0.71428571 | G25: ='0. Data Sumber'!N25 -> 12 | H25: ='0. Data Sumber'!P25 -> 2618
C27: Maksimal (MAX) | D27: =MAX(D6:D25) -> 15 | E27: =MAX(E6:E25) -> 10 | F27: =MAX(F6:F25) -> 0.9 | G27: =MAX(G6:G25) -> 14 | H27: =MAX(H6:H25) -> 3727
C28: Minimal (MIN) | D28: =MIN(D6:D25) -> 1 | E28: =MIN(E6:E25) -> 2 | F28: =MIN(F6:F25) -> 0 | G28: =MIN(G6:G25) -> 0 | H28: =MIN(H6:H25) -> 1257

Sheet 3. Normalisasi & V
B2: Kalkulasi Matriks Normalisasi (R) & Preferensi (V)
B3: RUMUS NORMALISASI BENEFIT: R_ij = X_ij / Max(X_ij) | RUMUS NORMALISASI COST: R_ij = Min(X_ij) / X_ij | J3: RUMUS NILAI PREFERENSI (V): V_i = SUM(W_j * R_ij). Skor V_i Tertinggi = Prioritas Terbaik.
B5: No. | C5: R-C1 | D5: R-C2 | E5: R-C3 | F5: R-C4 | G5: R-C5 | J5: No. | K5: V-C1 (*0.3) | L5: V-C2 (*0.2) | M5: V-C3 (*0.2) | N5: V-C4 (*0.15) | O5: V-C5 (*0.15) | P5: SKOR (Vi) | Q5: Skor Anti-Tie | S5: RUMUS METODE SAW & CARA HITUNGNYA
B6: ='2. Data Mentah'!B6 -> 1 | C6: =IF('2. Data Mentah'!D$28=0, 1/('2. Data Mentah'!D6+1), '2. Data Mentah'!D$28/'2. Data Mentah'!D6) -> 0.14285714 | D6: =IF('2. Data Mentah'!E$28=0, 1/('2. Data Mentah'!E6+1), '2. Data Mentah'!E$28/'2. Data Mentah'!E6) -> 0.25 | E6: =IF('2. Data Mentah'!F$27=0, 0, '2. Data Mentah'!F6/'2. Data Mentah'!F$27) -> 0.83333333 | F6: =IF('2. Data Mentah'!G$27=0, 0, '2. Data Mentah'!G6/'2. Data Mentah'!G$27) -> 0.71428571 | G6: =IF('2. Data Mentah'!H$27=0, 0, '2. Data Mentah'!H6/'2. Data Mentah'!H$27) -> 0.47732761 | J6: =B6 -> 1 | K6: =C6*'1. Bobot Kriteria'!F6 -> 0.042857143 | L6: =D6*'1. Bobot Kriteria'!F7 -> 0.05 | M6: =E6*'1. Bobot Kriteria'!F8 -> 0.16666667 | N6: =F6*'1. Bobot Kriteria'!F9 -> 0.10714286 | O6: =G6*'1. Bobot Kriteria'!F10 -> 0.071599141 | P6: =SUM(K6:O6) -> 0.43826581 | Q6: =P6-(ROW()/100000000) -> 0.43826575
B7: ='2. Data Mentah'!B7 -> 2 | C7: =IF('2. Data Mentah'!D$28=0, 1/('2. Data Mentah'!D7+1), '2. Data Mentah'!D$28/'2. Data Mentah'!D7) -> 0.076923077 | D7: =IF('2. Data Mentah'!E$28=0, 1/('2. Data Mentah'!E7+1), '2. Data Mentah'!E$28/'2. Data Mentah'!E7) -> 0.66666667 | E7: =IF('2. Data Mentah'!F$27=0, 0, '2. Data Mentah'!F7/'2. Data Mentah'!F$27) -> 0 | F7: =IF('2. Data Mentah'!G$27=0, 0, '2. Data Mentah'!G7/'2. Data Mentah'!G$27) -> 0.21428571 | G7: =IF('2. Data Mentah'!H$27=0, 0, '2. Data Mentah'!H7/'2. Data Mentah'!H$27) -> 0.86423397 | J7: =B7 -> 2 | K7: =C7*'1. Bobot Kriteria'!F6 -> 0.023076923 | L7: =D7*'1. Bobot Kriteria'!F7 -> 0.13333333 | M7: =E7*'1. Bobot Kriteria'!F8 -> 0 | N7: =F7*'1. Bobot Kriteria'!F9 -> 0.032142857 | O7: =G7*'1. Bobot Kriteria'!F10 -> 0.1296351 | P7: =SUM(K7:O7) -> 0.31818821 | Q7: =P7-(ROW()/100000000) -> 0.31818814 | S7: Metode SAW memiliki 2 tahapan rumus utama:
B8: ='2. Data Mentah'!B8 -> 3 | C8: =IF('2. Data Mentah'!D$28=0, 1/('2. Data Mentah'!D8+1), '2. Data Mentah'!D$28/'2. Data Mentah'!D8) -> 0.5 | D8: =IF('2. Data Mentah'!E$28=0, 1/('2. Data Mentah'!E8+1), '2. Data Mentah'!E$28/'2. Data Mentah'!E8) -> 0.22222222 | E8: =IF('2. Data Mentah'!F$27=0, 0, '2. Data Mentah'!F8/'2. Data Mentah'!F$27) -> 0.86419753 | F8: =IF('2. Data Mentah'!G$27=0, 0, '2. Data Mentah'!G8/'2. Data Mentah'!G$27) -> 1 | G8: =IF('2. Data Mentah'!H$27=0, 0, '2. Data Mentah'!H8/'2. Data Mentah'!H$27) -> 0.95465522 | J8: =B8 -> 3 | K8: =C8*'1. Bobot Kriteria'!F6 -> 0.15 | L8: =D8*'1. Bobot Kriteria'!F7 -> 0.044444444 | M8: =E8*'1. Bobot Kriteria'!F8 -> 0.17283951 | N8: =F8*'1. Bobot Kriteria'!F9 -> 0.15 | O8: =G8*'1. Bobot Kriteria'!F10 -> 0.14319828 | P8: =SUM(K8:O8) -> 0.66048223 | Q8: =P8-(ROW()/100000000) -> 0.66048215
B9: ='2. Data Mentah'!B9 -> 4 | C9: =IF('2. Data Mentah'!D$28=0, 1/('2. Data Mentah'!D9+1), '2. Data Mentah'!D$28/'2. Data Mentah'!D9) -> 0.071428571 | D9: =IF('2. Data Mentah'!E$28=0, 1/('2. Data Mentah'!E9+1), '2. Data Mentah'!E$28/'2. Data Mentah'!E9) -> 0.25 | E9: =IF('2. Data Mentah'!F$27=0, 0, '2. Data Mentah'!F9/'2. Data Mentah'!F$27) -> 0.83333333 | F9: =IF('2. Data Mentah'!G$27=0, 0, '2. Data Mentah'!G9/'2. Data Mentah'!G$27) -> 0 | G9: =IF('2. Data Mentah'!H$27=0, 0, '2. Data Mentah'!H9/'2. Data Mentah'!H$27) -> 0.78803327 | J9: =B9 -> 4 | K9: =C9*'1. Bobot Kriteria'!F6 -> 0.021428571 | L9: =D9*'1. Bobot Kriteria'!F7 -> 0.05 | M9: =E9*'1. Bobot Kriteria'!F8 -> 0.16666667 | N9: =F9*'1. Bobot Kriteria'!F9 -> 0 | O9: =G9*'1. Bobot Kriteria'!F10 -> 0.11820499 | P9: =SUM(K9:O9) -> 0.35630023 | Q9: =P9-(ROW()/100000000) -> 0.35630014 | S9: 1. Rumus Normalisasi Matriks (Rij)
B10: ='2. Data Mentah'!B10 -> 5 | C10: =IF('2. Data Mentah'!D$28=0, 1/('2. Data Mentah'!D10+1), '2. Data Mentah'!D$28/'2. Data Mentah'!D10) -> 0.5 | D10: =IF('2. Data Mentah'!E$28=0, 1/('2. Data Mentah'!E10+1), '2. Data Mentah'!E$28/'2. Data Mentah'!E10) -> 0.2 | E10: =IF('2. Data Mentah'!F$27=0, 0, '2. Data Mentah'!F10/'2. Data Mentah'!F$27) -> 1 | F10: =IF('2. Data Mentah'!G$27=0, 0, '2. Data Mentah'!G10/'2. Data Mentah'!G$27) -> 1 | G10: =IF('2. Data Mentah'!H$27=0, 0, '2. Data Mentah'!H10/'2. Data Mentah'!H$27) -> 0.62838744 | J10: =B10 -> 5 | K10: =C10*'1. Bobot Kriteria'!F6 -> 0.15 | L10: =D10*'1. Bobot Kriteria'!F7 -> 0.04 | M10: =E10*'1. Bobot Kriteria'!F8 -> 0.2 | N10: =F10*'1. Bobot Kriteria'!F9 -> 0.15 | O10: =G10*'1. Bobot Kriteria'!F10 -> 0.094258116 | P10: =SUM(K10:O10) -> 0.63425812 | Q10: =P10-(ROW()/100000000) -> 0.63425802 | S10: Tujuannya adalah menyamakan skala semua angka menjadi skala 0 sampai 1.
B11: ='2. Data Mentah'!B11 -> 6 | C11: =IF('2. Data Mentah'!D$28=0, 1/('2. Data Mentah'!D11+1), '2. Data Mentah'!D$28/'2. Data Mentah'!D11) -> 0.11111111 | D11: =IF('2. Data Mentah'!E$28=0, 1/('2. Data Mentah'!E11+1), '2. Data Mentah'!E$28/'2. Data Mentah'!E11) -> 0.5 | E11: =IF('2. Data Mentah'!F$27=0, 0, '2. Data Mentah'!F11/'2. Data Mentah'!F$27) -> 0 | F11: =IF('2. Data Mentah'!G$27=0, 0, '2. Data Mentah'!G11/'2. Data Mentah'!G$27) -> 0.35714286 | G11: =IF('2. Data Mentah'!H$27=0, 0, '2. Data Mentah'!H11/'2. Data Mentah'!H$27) -> 0.67909847 | J11: =B11 -> 6 | K11: =C11*'1. Bobot Kriteria'!F6 -> 0.033333333 | L11: =D11*'1. Bobot Kriteria'!F7 -> 0.1 | M11: =E11*'1. Bobot Kriteria'!F8 -> 0 | N11: =F11*'1. Bobot Kriteria'!F9 -> 0.053571429 | O11: =G11*'1. Bobot Kriteria'!F10 -> 0.10186477 | P11: =SUM(K11:O11) -> 0.28876953 | Q11: =P11-(ROW()/100000000) -> 0.28876942 | S11: Rumusnya dibedakan berdasarkan sifat kriteria:
B12: ='2. Data Mentah'!B12 -> 7 | C12: =IF('2. Data Mentah'!D$28=0, 1/('2. Data Mentah'!D12+1), '2. Data Mentah'!D$28/'2. Data Mentah'!D12) -> 0.11111111 | D12: =IF('2. Data Mentah'!E$28=0, 1/('2. Data Mentah'!E12+1), '2. Data Mentah'!E$28/'2. Data Mentah'!E12) -> 0.4 | E12: =IF('2. Data Mentah'!F$27=0, 0, '2. Data Mentah'!F12/'2. Data Mentah'!F$27) -> 0 | F12: =IF('2. Data Mentah'!G$27=0, 0, '2. Data Mentah'!G12/'2. Data Mentah'!G$27) -> 0.5 | G12: =IF('2. Data Mentah'!H$27=0, 0, '2. Data Mentah'!H12/'2. Data Mentah'!H$27) -> 0.33726858 | J12: =B12 -> 7 | K12: =C12*'1. Bobot Kriteria'!F6 -> 0.033333333 | L12: =D12*'1. Bobot Kriteria'!F7 -> 0.08 | M12: =E12*'1. Bobot Kriteria'!F8 -> 0 | N12: =F12*'1. Bobot Kriteria'!F9 -> 0.075 | O12: =G12*'1. Bobot Kriteria'!F10 -> 0.050590287 | P12: =SUM(K12:O12) -> 0.23892362 | Q12: =P12-(ROW()/100000000) -> 0.2389235
B13: ='2. Data Mentah'!B13 -> 8 | C13: =IF('2. Data Mentah'!D$28=0, 1/('2. Data Mentah'!D13+1), '2. Data Mentah'!D$28/'2. Data Mentah'!D13) -> 0.066666667 | D13: =IF('2. Data Mentah'!E$28=0, 1/('2. Data Mentah'!E13+1), '2. Data Mentah'!E$28/'2. Data Mentah'!E13) -> 0.5 | E13: =IF('2. Data Mentah'!F$27=0, 0, '2. Data Mentah'!F13/'2. Data Mentah'!F$27) -> 0 | F13: =IF('2. Data Mentah'!G$27=0, 0, '2. Data Mentah'!G13/'2. Data Mentah'!G$27) -> 0.14285714 | G13: =IF('2. Data Mentah'!H$27=0, 0, '2. Data Mentah'!H13/'2. Data Mentah'!H$27) -> 0.47598605 | J13: =B13 -> 8 | K13: =C13*'1. Bobot Kriteria'!F6 -> 0.02 | L13: =D13*'1. Bobot Kriteria'!F7 -> 0.1 | M13: =E13*'1. Bobot Kriteria'!F8 -> 0 | N13: =F13*'1. Bobot Kriteria'!F9 -> 0.021428571 | O13: =G13*'1. Bobot Kriteria'!F10 -> 0.071397907 | P13: =SUM(K13:O13) -> 0.21282648 | Q13: =P13-(ROW()/100000000) -> 0.21282635 | S13: A. Untuk Kriteria Benefit (Keuntungan) -> Makin besar nilainya, makin bagus skornya.
B14: ='2. Data Mentah'!B14 -> 9 | C14: =IF('2. Data Mentah'!D$28=0, 1/('2. Data Mentah'!D14+1), '2. Data Mentah'!D$28/'2. Data Mentah'!D14) -> 1 | D14: =IF('2. Data Mentah'!E$28=0, 1/('2. Data Mentah'!E14+1), '2. Data Mentah'!E$28/'2. Data Mentah'!E14) -> 0.66666667 | E14: =IF('2. Data Mentah'!F$27=0, 0, '2. Data Mentah'!F14/'2. Data Mentah'!F$27) -> 0.74074074 | F14: =IF('2. Data Mentah'!G$27=0, 0, '2. Data Mentah'!G14/'2. Data Mentah'!G$27) -> 0.92857143 | G14: =IF('2. Data Mentah'!H$27=0, 0, '2. Data Mentah'!H14/'2. Data Mentah'!H$27) -> 0.80144889 | J14: =B14 -> 9 | K14: =C14*'1. Bobot Kriteria'!F6 -> 0.3 | L14: =D14*'1. Bobot Kriteria'!F7 -> 0.13333333 | M14: =E14*'1. Bobot Kriteria'!F8 -> 0.14814815 | N14: =F14*'1. Bobot Kriteria'!F9 -> 0.13928571 | O14: =G14*'1. Bobot Kriteria'!F10 -> 0.12021733 | P14: =SUM(K14:O14) -> 0.84098453 | Q14: =P14-(ROW()/100000000) -> 0.84098439 | S14: Rij = Xij / Max(Xij)
B15: ='2. Data Mentah'!B15 -> 10 | C15: =IF('2. Data Mentah'!D$28=0, 1/('2. Data Mentah'!D15+1), '2. Data Mentah'!D$28/'2. Data Mentah'!D15) -> 0.071428571 | D15: =IF('2. Data Mentah'!E$28=0, 1/('2. Data Mentah'!E15+1), '2. Data Mentah'!E$28/'2. Data Mentah'!E15) -> 0.25 | E15: =IF('2. Data Mentah'!F$27=0, 0, '2. Data Mentah'!F15/'2. Data Mentah'!F$27) -> 0.97222222 | F15: =IF('2. Data Mentah'!G$27=0, 0, '2. Data Mentah'!G15/'2. Data Mentah'!G$27) -> 0 | G15: =IF('2. Data Mentah'!H$27=0, 0, '2. Data Mentah'!H15/'2. Data Mentah'!H$27) -> 0.62114301 | J15: =B15 -> 10 | K15: =C15*'1. Bobot Kriteria'!F6 -> 0.021428571 | L15: =D15*'1. Bobot Kriteria'!F7 -> 0.05 | M15: =E15*'1. Bobot Kriteria'!F8 -> 0.19444444 | N15: =F15*'1. Bobot Kriteria'!F9 -> 0 | O15: =G15*'1. Bobot Kriteria'!F10 -> 0.093171452 | P15: =SUM(K15:O15) -> 0.35904447 | Q15: =P15-(ROW()/100000000) -> 0.35904432 | S15: (Nilai Mentah Karyawan dibagi dengan Nilai Tertinggi dari semua karyawan)
B16: ='2. Data Mentah'!B16 -> 11 | C16: =IF('2. Data Mentah'!D$28=0, 1/('2. Data Mentah'!D16+1), '2. Data Mentah'!D$28/'2. Data Mentah'!D16) -> 0.16666667 | D16: =IF('2. Data Mentah'!E$28=0, 1/('2. Data Mentah'!E16+1), '2. Data Mentah'!E$28/'2. Data Mentah'!E16) -> 0.4 | E16: =IF('2. Data Mentah'!F$27=0, 0, '2. Data Mentah'!F16/'2. Data Mentah'!F$27) -> 0 | F16: =IF('2. Data Mentah'!G$27=0, 0, '2. Data Mentah'!G16/'2. Data Mentah'!G$27) -> 0.71428571 | G16: =IF('2. Data Mentah'!H$27=0, 0, '2. Data Mentah'!H16/'2. Data Mentah'!H$27) -> 0.50147572 | J16: =B16 -> 11 | K16: =C16*'1. Bobot Kriteria'!F6 -> 0.05 | L16: =D16*'1. Bobot Kriteria'!F7 -> 0.08 | M16: =E16*'1. Bobot Kriteria'!F8 -> 0 | N16: =F16*'1. Bobot Kriteria'!F9 -> 0.10714286 | O16: =G16*'1. Bobot Kriteria'!F10 -> 0.075221358 | P16: =SUM(K16:O16) -> 0.31236421 | Q16: =P16-(ROW()/100000000) -> 0.31236405
B17: ='2. Data Mentah'!B17 -> 12 | C17: =IF('2. Data Mentah'!D$28=0, 1/('2. Data Mentah'!D17+1), '2. Data Mentah'!D$28/'2. Data Mentah'!D17) -> 0.125 | D17: =IF('2. Data Mentah'!E$28=0, 1/('2. Data Mentah'!E17+1), '2. Data Mentah'!E$28/'2. Data Mentah'!E17) -> 0.33333333 | E17: =IF('2. Data Mentah'!F$27=0, 0, '2. Data Mentah'!F17/'2. Data Mentah'!F$27) -> 0.18518519 | F17: =IF('2. Data Mentah'!G$27=0, 0, '2. Data Mentah'!G17/'2. Data Mentah'!G$27) -> 0.57142857 | G17: =IF('2. Data Mentah'!H$27=0, 0, '2. Data Mentah'!H17/'2. Data Mentah'!H$27) -> 0.41964046 | J17: =B17 -> 12 | K17: =C17*'1. Bobot Kriteria'!F6 -> 0.0375 | L17: =D17*'1. Bobot Kriteria'!F7 -> 0.066666667 | M17: =E17*'1. Bobot Kriteria'!F8 -> 0.037037037 | N17: =F17*'1. Bobot Kriteria'!F9 -> 0.085714286 | O17: =G17*'1. Bobot Kriteria'!F10 -> 0.062946069 | P17: =SUM(K17:O17) -> 0.28986406 | Q17: =P17-(ROW()/100000000) -> 0.28986389 | S17: B. Untuk Kriteria Cost (Beban/Biaya) -> Makin kecil nilainya, makin bagus skornya.
B18: ='2. Data Mentah'!B18 -> 13 | C18: =IF('2. Data Mentah'!D$28=0, 1/('2. Data Mentah'!D18+1), '2. Data Mentah'!D$28/'2. Data Mentah'!D18) -> 0.066666667 | D18: =IF('2. Data Mentah'!E$28=0, 1/('2. Data Mentah'!E18+1), '2. Data Mentah'!E$28/'2. Data Mentah'!E18) -> 1 | E18: =IF('2. Data Mentah'!F$27=0, 0, '2. Data Mentah'!F18/'2. Data Mentah'!F$27) -> 0 | F18: =IF('2. Data Mentah'!G$27=0, 0, '2. Data Mentah'!G18/'2. Data Mentah'!G$27) -> 0.14285714 | G18: =IF('2. Data Mentah'!H$27=0, 0, '2. Data Mentah'!H18/'2. Data Mentah'!H$27) -> 0.44620338 | J18: =B18 -> 13 | K18: =C18*'1. Bobot Kriteria'!F6 -> 0.02 | L18: =D18*'1. Bobot Kriteria'!F7 -> 0.2 | M18: =E18*'1. Bobot Kriteria'!F8 -> 0 | N18: =F18*'1. Bobot Kriteria'!F9 -> 0.021428571 | O18: =G18*'1. Bobot Kriteria'!F10 -> 0.066930507 | P18: =SUM(K18:O18) -> 0.30835908 | Q18: =P18-(ROW()/100000000) -> 0.3083589 | S18: Rij = Min(Xij) / Xij
B19: ='2. Data Mentah'!B19 -> 14 | C19: =IF('2. Data Mentah'!D$28=0, 1/('2. Data Mentah'!D19+1), '2. Data Mentah'!D$28/'2. Data Mentah'!D19) -> 0.5 | D19: =IF('2. Data Mentah'!E$28=0, 1/('2. Data Mentah'!E19+1), '2. Data Mentah'!E$28/'2. Data Mentah'!E19) -> 0.66666667 | E19: =IF('2. Data Mentah'!F$27=0, 0, '2. Data Mentah'!F19/'2. Data Mentah'!F$27) -> 0.37037037 | F19: =IF('2. Data Mentah'!G$27=0, 0, '2. Data Mentah'!G19/'2. Data Mentah'!G$27) -> 0.92857143 | G19: =IF('2. Data Mentah'!H$27=0, 0, '2. Data Mentah'!H19/'2. Data Mentah'!H$27) -> 0.47222968 | J19: =B19 -> 14 | K19: =C19*'1. Bobot Kriteria'!F6 -> 0.15 | L19: =D19*'1. Bobot Kriteria'!F7 -> 0.13333333 | M19: =E19*'1. Bobot Kriteria'!F8 -> 0.074074074 | N19: =F19*'1. Bobot Kriteria'!F9 -> 0.13928571 | O19: =G19*'1. Bobot Kriteria'!F10 -> 0.070834451 | P19: =SUM(K19:O19) -> 0.56752757 | Q19: =P19-(ROW()/100000000) -> 0.56752738 | S19: (Nilai Terendah dari semua karyawan dibagi dengan Nilai Mentah Karyawan)
B20: ='2. Data Mentah'!B20 -> 15 | C20: =IF('2. Data Mentah'!D$28=0, 1/('2. Data Mentah'!D20+1), '2. Data Mentah'!D$28/'2. Data Mentah'!D20) -> 0.066666667 | D20: =IF('2. Data Mentah'!E$28=0, 1/('2. Data Mentah'!E20+1), '2. Data Mentah'!E$28/'2. Data Mentah'!E20) -> 0.4 | E20: =IF('2. Data Mentah'!F$27=0, 0, '2. Data Mentah'!F20/'2. Data Mentah'!F$27) -> 0 | F20: =IF('2. Data Mentah'!G$27=0, 0, '2. Data Mentah'!G20/'2. Data Mentah'!G$27) -> 0 | G20: =IF('2. Data Mentah'!H$27=0, 0, '2. Data Mentah'!H20/'2. Data Mentah'!H$27) -> 0.82935337 | J20: =B20 -> 15 | K20: =C20*'1. Bobot Kriteria'!F6 -> 0.02 | L20: =D20*'1. Bobot Kriteria'!F7 -> 0.08 | M20: =E20*'1. Bobot Kriteria'!F8 -> 0 | N20: =F20*'1. Bobot Kriteria'!F9 -> 0 | O20: =G20*'1. Bobot Kriteria'!F10 -> 0.12440301 | P20: =SUM(K20:O20) -> 0.22440301 | Q20: =P20-(ROW()/100000000) -> 0.22440281
B21: ='2. Data Mentah'!B21 -> 16 | C21: =IF('2. Data Mentah'!D$28=0, 1/('2. Data Mentah'!D21+1), '2. Data Mentah'!D$28/'2. Data Mentah'!D21) -> 0.5 | D21: =IF('2. Data Mentah'!E$28=0, 1/('2. Data Mentah'!E21+1), '2. Data Mentah'!E$28/'2. Data Mentah'!E21) -> 0.28571429 | E21: =IF('2. Data Mentah'!F$27=0, 0, '2. Data Mentah'!F21/'2. Data Mentah'!F$27) -> 0.79365079 | F21: =IF('2. Data Mentah'!G$27=0, 0, '2. Data Mentah'!G21/'2. Data Mentah'!G$27) -> 0.78571429 | G21: =IF('2. Data Mentah'!H$27=0, 0, '2. Data Mentah'!H21/'2. Data Mentah'!H$27) -> 0.83176818 | J21: =B21 -> 16 | K21: =C21*'1. Bobot Kriteria'!F6 -> 0.15 | L21: =D21*'1. Bobot Kriteria'!F7 -> 0.057142857 | M21: =E21*'1. Bobot Kriteria'!F8 -> 0.15873016 | N21: =F21*'1. Bobot Kriteria'!F9 -> 0.11785714 | O21: =G21*'1. Bobot Kriteria'!F10 -> 0.12476523 | P21: =SUM(K21:O21) -> 0.60849539 | Q21: =P21-(ROW()/100000000) -> 0.60849518 | S21: 2. Rumus Nilai Preferensi / Skor Akhir (Vi)
B22: ='2. Data Mentah'!B22 -> 17 | C22: =IF('2. Data Mentah'!D$28=0, 1/('2. Data Mentah'!D22+1), '2. Data Mentah'!D$28/'2. Data Mentah'!D22) -> 0.16666667 | D22: =IF('2. Data Mentah'!E$28=0, 1/('2. Data Mentah'!E22+1), '2. Data Mentah'!E$28/'2. Data Mentah'!E22) -> 0.4 | E22: =IF('2. Data Mentah'!F$27=0, 0, '2. Data Mentah'!F22/'2. Data Mentah'!F$27) -> 0.22222222 | F22: =IF('2. Data Mentah'!G$27=0, 0, '2. Data Mentah'!G22/'2. Data Mentah'!G$27) -> 0.71428571 | G22: =IF('2. Data Mentah'!H$27=0, 0, '2. Data Mentah'!H22/'2. Data Mentah'!H$27) -> 0.65092568 | J22: =B22 -> 17 | K22: =C22*'1. Bobot Kriteria'!F6 -> 0.05 | L22: =D22*'1. Bobot Kriteria'!F7 -> 0.08 | M22: =E22*'1. Bobot Kriteria'!F8 -> 0.044444444 | N22: =F22*'1. Bobot Kriteria'!F9 -> 0.10714286 | O22: =G22*'1. Bobot Kriteria'!F10 -> 0.097638852 | P22: =SUM(K22:O22) -> 0.37922615 | Q22: =P22-(ROW()/100000000) -> 0.37922593 | S22: Tujuannya menggabungkan nilai skala 0-1 dengan bobot prioritas.
B23: ='2. Data Mentah'!B23 -> 18 | C23: =IF('2. Data Mentah'!D$28=0, 1/('2. Data Mentah'!D23+1), '2. Data Mentah'!D$28/'2. Data Mentah'!D23) -> 0.14285714 | D23: =IF('2. Data Mentah'!E$28=0, 1/('2. Data Mentah'!E23+1), '2. Data Mentah'!E$28/'2. Data Mentah'!E23) -> 0.28571429 | E23: =IF('2. Data Mentah'!F$27=0, 0, '2. Data Mentah'!F23/'2. Data Mentah'!F$27) -> 0.31746032 | F23: =IF('2. Data Mentah'!G$27=0, 0, '2. Data Mentah'!G23/'2. Data Mentah'!G$27) -> 0.42857143 | G23: =IF('2. Data Mentah'!H$27=0, 0, '2. Data Mentah'!H23/'2. Data Mentah'!H$27) -> 0.48001073 | J23: =B23 -> 18 | K23: =C23*'1. Bobot Kriteria'!F6 -> 0.042857143 | L23: =D23*'1. Bobot Kriteria'!F7 -> 0.057142857 | M23: =E23*'1. Bobot Kriteria'!F8 -> 0.063492063 | N23: =F23*'1. Bobot Kriteria'!F9 -> 0.064285714 | O23: =G23*'1. Bobot Kriteria'!F10 -> 0.07200161 | P23: =SUM(K23:O23) -> 0.29977939 | Q23: =P23-(ROW()/100000000) -> 0.29977916 | S23: Vi = ? (Wj * Rij)
B24: ='2. Data Mentah'!B24 -> 19 | C24: =IF('2. Data Mentah'!D$28=0, 1/('2. Data Mentah'!D24+1), '2. Data Mentah'!D$28/'2. Data Mentah'!D24) -> 0.076923077 | D24: =IF('2. Data Mentah'!E$28=0, 1/('2. Data Mentah'!E24+1), '2. Data Mentah'!E$28/'2. Data Mentah'!E24) -> 0.22222222 | E24: =IF('2. Data Mentah'!F$27=0, 0, '2. Data Mentah'!F24/'2. Data Mentah'!F$27) -> 0.86419753 | F24: =IF('2. Data Mentah'!G$27=0, 0, '2. Data Mentah'!G24/'2. Data Mentah'!G$27) -> 0.14285714 | G24: =IF('2. Data Mentah'!H$27=0, 0, '2. Data Mentah'!H24/'2. Data Mentah'!H$27) -> 1 | J24: =B24 -> 19 | K24: =C24*'1. Bobot Kriteria'!F6 -> 0.023076923 | L24: =D24*'1. Bobot Kriteria'!F7 -> 0.044444444 | M24: =E24*'1. Bobot Kriteria'!F8 -> 0.17283951 | N24: =F24*'1. Bobot Kriteria'!F9 -> 0.021428571 | O24: =G24*'1. Bobot Kriteria'!F10 -> 0.15 | P24: =SUM(K24:O24) -> 0.41178945 | Q24: =P24-(ROW()/100000000) -> 0.41178921 | S24: (Jumlah total dari: Nilai Normalisasi dikali Bobot Kriterianya)
B25: ='2. Data Mentah'!B25 -> 20 | C25: =IF('2. Data Mentah'!D$28=0, 1/('2. Data Mentah'!D25+1), '2. Data Mentah'!D$28/'2. Data Mentah'!D25) -> 0.5 | D25: =IF('2. Data Mentah'!E$28=0, 1/('2. Data Mentah'!E25+1), '2. Data Mentah'!E$28/'2. Data Mentah'!E25) -> 0.28571429 | E25: =IF('2. Data Mentah'!F$27=0, 0, '2. Data Mentah'!F25/'2. Data Mentah'!F$27) -> 0.79365079 | F25: =IF('2. Data Mentah'!G$27=0, 0, '2. Data Mentah'!G25/'2. Data Mentah'!G$27) -> 0.85714286 | G25: =IF('2. Data Mentah'!H$27=0, 0, '2. Data Mentah'!H25/'2. Data Mentah'!H$27) -> 0.70244164 | J25: =B25 -> 20 | K25: =C25*'1. Bobot Kriteria'!F6 -> 0.15 | L25: =D25*'1. Bobot Kriteria'!F7 -> 0.057142857 | M25: =E25*'1. Bobot Kriteria'!F8 -> 0.15873016 | N25: =F25*'1. Bobot Kriteria'!F9 -> 0.12857143 | O25: =G25*'1. Bobot Kriteria'!F10 -> 0.10536625 | P25: =SUM(K25:O25) -> 0.59981069 | Q25: =P25-(ROW()/100000000) -> 0.59981044
S26: ?? Mari Kita Terapkan ke Contoh (Rian Mulyadi):
S27: Diketahui Bobot (W): W1 = 0.30, W2 = 0.20, W3 = 0.20, W4 = 0.15, W5 = 0.15
S29: Langkah 1: Hitung Normalisasi (R) per Kriteria
S30: C1 (Total Hari Cuti) = Cost
S31: Mentah = 7 | Angka Terendah/Min = 1 (Punya No. 9 Dwi Wahyuni)
S32: R1 = 1 / 7 = 0.1429
S34: C2 (Total Pengajuan) = Cost
S35: Mentah = 8 | Angka Terendah/Min = 2 (Punya No. 13 Hendra Setiawan)
S36: R2 = 2 / 8 = 0.2500
S38: C3 (% Approval) = Benefit
S39: Mentah = 0.75 | Angka Tertinggi/Max = 0.90 (Punya No. 5 Nina Marlina)
S40: R3 = 0.75 / 0.90 = 0.8333
... S54: V = 0.4374

Sheet 4. Ranking & Keputusan
B2: Hasil Rekomendasi Akhir (Otomatis Terurut)
B3: RUMUS PERANKINGAN: Menggunakan fungsi =LARGE() untuk mengurutkan Nilai V_i dari yang paling tinggi ke rendah.
I4: Tabel Panduan Keterangan (Skala Objektif Skor Vi)
B5: No. | C5: Ranking | D5: Total Skor Akhir (Vi) | E5: Employee ID | F5: Employee Name | G5: Status Prioritas Cuti | I5: Status Prioritas | J5: Rentang Syarat Kelayakan | K5: Rekomendasi Tindakan HR / Manajer
B6: {=INDEX('3. Normalisasi & V'!J$6:J$10000, MATCH(D6, '3. Normalisasi & V'!Q$6:Q$10000, 0))} -> 9 | C6: 1 | D6: =LARGE('3. Normalisasi & V'!Q$6:Q$10000, 1) -> 0.84098439 | E6: =VLOOKUP(B6, '0. Data Sumber'!B$6:C$10000, 2, 0) -> VN2329 | F6: =VLOOKUP(B6, '0. Data Sumber'!B$6:D$10000, 3, 0) -> Dwi Wahyuni | G6: =IF(D6>=0.75, "Prioritas Tinggi", IF(D6>=0.5, "Prioritas Sedang", "Prioritas Rendah")) -> Prioritas Tinggi | I6: Prioritas Tinggi | J6: Skor Akhir (Vi) ≥ 0.750 | K6: Hak cuti sangat valid secara objektif. Sangat direkomendasikan untuk di-approve oleh Manajer.
B7: {=INDEX('3. Normalisasi & V'!J$6:J$10000, MATCH(D7, '3. Normalisasi & V'!Q$6:Q$10000, 0))} -> 3 | C7: 2 | D7: =LARGE('3. Normalisasi & V'!Q$6:Q$10000, 2) -> 0.66048215 | E7: =VLOOKUP(B7, '0. Data Sumber'!B$6:C$10000, 2, 0) -> SG7127 | F7: =VLOOKUP(B7, '0. Data Sumber'!B$6:D$10000, 3, 0) -> Joko Susanto | G7: =IF(D7>=0.75, "Prioritas Tinggi", IF(D7>=0.5, "Prioritas Sedang", "Prioritas Rendah")) -> Prioritas Sedang | I7: Prioritas Sedang | J7: 0.500 ≤ Skor Akhir (Vi) < 0.750 | K7: Cukup layak. Di-approve apabila kuota man-power pada tanggal yang diminta tidak sedang krisis.
B8: {=INDEX('3. Normalisasi & V'!J$6:J$10000, MATCH(D8, '3. Normalisasi & V'!Q$6:Q$10000, 0))} -> 5 | C8: 3 | D8: =LARGE('3. Normalisasi & V'!Q$6:Q$10000, 3) -> 0.63425802 | E8: =VLOOKUP(B8, '0. Data Sumber'!B$6:C$10000, 2, 0) -> MB5413 | F8: =VLOOKUP(B8, '0. Data Sumber'!B$6:D$10000, 3, 0) -> Nina Marlina | G8: =IF(D8>=0.75, "Prioritas Tinggi", IF(D8>=0.5, "Prioritas Sedang", "Prioritas Rendah")) -> Prioritas Sedang | I8: Prioritas Rendah | J8: Skor Akhir (Vi) < 0.500 | K8: Hak cuti kurang mendesak. Sebaiknya ditunda ke bulan/roster berikutnya agar operasional tidak terganggu.
B9: {=INDEX('3. Normalisasi & V'!J$6:J$10000, MATCH(D9, '3. Normalisasi & V'!Q$6:Q$10000, 0))} -> 16 | C9: 4 | D9: =LARGE('3. Normalisasi & V'!Q$6:Q$10000, 4) -> 0.60849518 | E9: =VLOOKUP(B9, '0. Data Sumber'!B$6:C$10000, 2, 0) -> JA1781 | F9: =VLOOKUP(B9, '0. Data Sumber'!B$6:D$10000, 3, 0) -> Dian Pertiwi | G9: =IF(D9>=0.75, "Prioritas Tinggi", IF(D9>=0.5, "Prioritas Sedang", "Prioritas Rendah")) -> Prioritas Sedang
B10: {=INDEX('3. Normalisasi & V'!J$6:J$10000, MATCH(D10, '3. Normalisasi & V'!Q$6:Q$10000, 0))} -> 20 | C10: 5 | D10: =LARGE('3. Normalisasi & V'!Q$6:Q$10000, 5) -> 0.59981044 | E10: =VLOOKUP(B10, '0. Data Sumber'!B$6:C$10000, 2, 0) -> JO2312 | F10: =VLOOKUP(B10, '0. Data Sumber'!B$6:D$10000, 3, 0) -> Mega Lestari | G10: =IF(D10>=0.75, "Prioritas Tinggi", IF(D10>=0.5, "Prioritas Sedang", "Prioritas Rendah")) -> Prioritas Sedang
B11: {=INDEX('3. Normalisasi & V'!J$6:J$10000, MATCH(D11, '3. Normalisasi & V'!Q$6:Q$10000, 0))} -> 14 | C11: 6 | D11: =LARGE('3. Normalisasi & V'!Q$6:Q$10000, 6) -> 0.56752738 | E11: =VLOOKUP(B11, '0. Data Sumber'!B$6:C$10000, 2, 0) -> FN3384 | F11: =VLOOKUP(B11, '0. Data Sumber'!B$6:D$10000, 3, 0) -> Rika Amelia | G11: =IF(D11>=0.75, "Prioritas Tinggi", IF(D11>=0.5, "Prioritas Sedang", "Prioritas Rendah")) -> Prioritas Sedang
B12: {=INDEX('3. Normalisasi & V'!J$6:J$10000, MATCH(D12, '3. Normalisasi & V'!Q$6:Q$10000, 0))} -> 1 | C12: 7 | D12: =LARGE('3. Normalisasi & V'!Q$6:Q$10000, 7) -> 0.43826575 | E12: =VLOOKUP(B12, '0. Data Sumber'!B$6:C$10000, 2, 0) -> HH3183 | F12: =VLOOKUP(B12, '0. Data Sumber'!B$6:D$10000, 3, 0) -> Rian Mulyadi | G12: =IF(D12>=0.75, "Prioritas Tinggi", IF(D12>=0.5, "Prioritas Sedang", "Prioritas Rendah")) -> Prioritas Rendah
B13: {=INDEX('3. Normalisasi & V'!J$6:J$10000, MATCH(D13, '3. Normalisasi & V'!Q$6:Q$10000, 0))} -> 19 | C13: 8 | D13: =LARGE('3. Normalisasi & V'!Q$6:Q$10000, 8) -> 0.41178921 | E13: =VLOOKUP(B13, '0. Data Sumber'!B$6:C$10000, 2, 0) -> HU6089 | F13: =VLOOKUP(B13, '0. Data Sumber'!B$6:D$10000, 3, 0) -> Arif Rahman | G13: =IF(D13>=0.75, "Prioritas Tinggi", IF(D13>=0.5, "Prioritas Sedang", "Prioritas Rendah")) -> Prioritas Rendah
B14: {=INDEX('3. Normalisasi & V'!J$6:J$10000, MATCH(D14, '3. Normalisasi & V'!Q$6:Q$10000, 0))} -> 17 | C14: 9 | D14: =LARGE('3. Normalisasi & V'!Q$6:Q$10000, 9) -> 0.37922593 | E14: =VLOOKUP(B14, '0. Data Sumber'!B$6:C$10000, 2, 0) -> ZM7323 | F14: =VLOOKUP(B14, '0. Data Sumber'!B$6:D$10000, 3, 0) -> Iwan Kurniadi | G14: =IF(D14>=0.75, "Prioritas Tinggi", IF(D14>=0.5, "Prioritas Sedang", "Prioritas Rendah")) -> Prioritas Rendah
B15: {=INDEX('3. Normalisasi & V'!J$6:J$10000, MATCH(D15, '3. Normalisasi & V'!Q$6:Q$10000, 0))} -> 10 | C15: 10 | D15: =LARGE('3. Normalisasi & V'!Q$6:Q$10000, 10) -> 0.35904432 | E15: =VLOOKUP(B15, '0. Data Sumber'!B$6:C$10000, 2, 0) -> TA7243 | F15: =VLOOKUP(B15, '0. Data Sumber'!B$6:D$10000, 3, 0) -> Tri Novianto | G15: =IF(D15>=0.75, "Prioritas Tinggi", IF(D15>=0.5, "Prioritas Sedang", "Prioritas Rendah")) -> Prioritas Rendah
B16: {=INDEX('3. Normalisasi & V'!J$6:J$10000, MATCH(D16, '3. Normalisasi & V'!Q$6:Q$10000, 0))} -> 4 | C16: 11 | D16: =LARGE('3. Normalisasi & V'!Q$6:Q$10000, 11) -> 0.35630014 | E16: =VLOOKUP(B16, '0. Data Sumber'!B$6:C$10000, 2, 0) -> VF6551 | F16: =VLOOKUP(B16, '0. Data Sumber'!B$6:D$10000, 3, 0) -> Budi Santoso | G16: =IF(D16>=0.75, "Prioritas Tinggi", IF(D16>=0.5, "Prioritas Sedang", "Prioritas Rendah")) -> Prioritas Rendah
B17: {=INDEX('3. Normalisasi & V'!J$6:J$10000, MATCH(D17, '3. Normalisasi & V'!Q$6:Q$10000, 0))} -> 2 | C17: 12 | D17: =LARGE('3. Normalisasi & V'!Q$6:Q$10000, 12) -> 0.31818814 | E17: =VLOOKUP(B17, '0. Data Sumber'!B$6:C$10000, 2, 0) -> VW9824 | F17: =VLOOKUP(B17, '0. Data Sumber'!B$6:D$10000, 3, 0) -> Sari Handayani | G17: =IF(D17>=0.75, "Prioritas Tinggi", IF(D17>=0.5, "Prioritas Sedang", "Prioritas Rendah")) -> Prioritas Rendah
B18: {=INDEX('3. Normalisasi & V'!J$6:J$10000, MATCH(D18, '3. Normalisasi & V'!Q$6:Q$10000, 0))} -> 11 | C18: 13 | D18: =LARGE('3. Normalisasi & V'!Q$6:Q$10000, 13) -> 0.31236405 | E18: =VLOOKUP(B18, '0. Data Sumber'!B$6:C$10000, 2, 0) -> ZB4464 | F18: =VLOOKUP(B18, '0. Data Sumber'!B$6:D$10000, 3, 0) -> Indra Gunawan | G18: =IF(D18>=0.75, "Prioritas Tinggi", IF(D18>=0.5, "Prioritas Sedang", "Prioritas Rendah")) -> Prioritas Rendah
B19: {=INDEX('3. Normalisasi & V'!J$6:J$10000, MATCH(D19, '3. Normalisasi & V'!Q$6:Q$10000, 0))} -> 13 | C19: 14 | D19: =LARGE('3. Normalisasi & V'!Q$6:Q$10000, 14) -> 0.3083589 | E19: =VLOOKUP(B19, '0. Data Sumber'!B$6:C$10000, 2, 0) -> TN3037 | F19: =VLOOKUP(B19, '0. Data Sumber'!B$6:D$10000, 3, 0) -> Hendra Setiawan | G19: =IF(D19>=0.75, "Prioritas Tinggi", IF(D19>=0.5, "Prioritas Sedang", "Prioritas Rendah")) -> Prioritas Rendah
B20: {=INDEX('3. Normalisasi & V'!J$6:J$10000, MATCH(D20, '3. Normalisasi & V'!Q$6:Q$10000, 0))} -> 18 | C20: 15 | D20: =LARGE('3. Normalisasi & V'!Q$6:Q$10000, 15) -> 0.29977916 | E20: =VLOOKUP(B20, '0. Data Sumber'!B$6:C$10000, 2, 0) -> BL7530 | F20: =VLOOKUP(B20, '0. Data Sumber'!B$6:D$10000, 3, 0) -> Lia Safitri | G20: =IF(D20>=0.75, "Prioritas Tinggi", IF(D20>=0.5, "Prioritas Sedang", "Prioritas Rendah")) -> Prioritas Rendah
B21: {=INDEX('3. Normalisasi & V'!J$6:J$10000, MATCH(D21, '3. Normalisasi & V'!Q$6:Q$10000, 0))} -> 12 | C21: 16 | D21: =LARGE('3. Normalisasi & V'!Q$6:Q$10000, 16) -> 0.28986389 | E21: =VLOOKUP(B21, '0. Data Sumber'!B$6:C$10000, 2, 0) -> LW8801 | F21: =VLOOKUP(B21, '0. Data Sumber'!B$6:D$10000, 3, 0) -> Maya Fitriani | G21: =IF(D21>=0.75, "Prioritas Tinggi", IF(D21>=0.5, "Prioritas Sedang", "Prioritas Rendah")) -> Prioritas Rendah
B22: {=INDEX('3. Normalisasi & V'!J$6:J$10000, MATCH(D22, '3. Normalisasi & V'!Q$6:Q$10000, 0))} -> 6 | C22: 17 | D22: =LARGE('3. Normalisasi & V'!Q$6:Q$10000, 17) -> 0.28876942 | E22: =VLOOKUP(B22, '0. Data Sumber'!B$6:C$10000, 2, 0) -> RC8570 | F22: =VLOOKUP(B22, '0. Data Sumber'!B$6:D$10000, 3, 0) -> Ahmad Fauzi | G22: =IF(D22>=0.75, "Prioritas Tinggi", IF(D22>=0.5, "Prioritas Sedang", "Prioritas Rendah")) -> Prioritas Rendah
B23: {=INDEX('3. Normalisasi & V'!J$6:J$10000, MATCH(D23, '3. Normalisasi & V'!Q$6:Q$10000, 0))} -> 7 | C23: 18 | D23: =LARGE('3. Normalisasi & V'!Q$6:Q$10000, 18) -> 0.2389235 | E23: =VLOOKUP(B23, '0. Data Sumber'!B$6:C$10000, 2, 0) -> LE4536 | F23: =VLOOKUP(B23, '0. Data Sumber'!B$6:D$10000, 3, 0) -> Rini Wulandari | G23: =IF(D23>=0.75, "Prioritas Tinggi", IF(D23>=0.5, "Prioritas Sedang", "Prioritas Rendah")) -> Prioritas Rendah
B24: {=INDEX('3. Normalisasi & V'!J$6:J$10000, MATCH(D24, '3. Normalisasi & V'!Q$6:Q$10000, 0))} -> 15 | C24: 19 | D24: =LARGE('3. Normalisasi & V'!Q$6:Q$10000, 19) -> 0.22440281 | E24: =VLOOKUP(B24, '0. Data Sumber'!B$6:C$10000, 2, 0) -> ZH5220 | F24: =VLOOKUP(B24, '0. Data Sumber'!B$6:D$10000, 3, 0) -> Agus Saputra | G24: =IF(D24>=0.75, "Prioritas Tinggi", IF(D24>=0.5, "Prioritas Sedang", "Prioritas Rendah")) -> Prioritas Rendah
B25: {=INDEX('3. Normalisasi & V'!J$6:J$10000, MATCH(D25, '3. Normalisasi & V'!Q$6:Q$10000, 0))} -> 8 | C25: 20 | D25: =LARGE('3. Normalisasi & V'!Q$6:Q$10000, 20) -> 0.21282635 | E25: =VLOOKUP(B25, '0. Data Sumber'!B$6:C$10000, 2, 0) -> QV3883 | F25: =VLOOKUP(B25, '0. Data Sumber'!B$6:D$10000, 3, 0) -> Eko Prasetyo | G25: =IF(D25>=0.75, "Prioritas Tinggi", IF(D25>=0.5, "Prioritas Sedang", "Prioritas Rendah")) -> Prioritas Rendah
